<annotation>
	<folder>images</folder>
	<filename>00000061.jpg</filename>
	<path>C:\Users\jwchi\Downloads\archive (9)\dataset\dataset\train\images\00000061.jpg</path>
	<source>
		<database>Unknown</database>
	</source>
	<size>
		<width>640</width>
		<height>640</height>
		<depth>3</depth>
	</size>
	<segmented>0</segmented>
	<object>
		<name>dice</name>
		<pose>Unspecified</pose>
		<truncated>1</truncated>
		<difficult>0</difficult>
		<bndbox>
			<xmin>1</xmin>
			<ymin>210</ymin>
			<xmax>207</xmax>
			<ymax>452</ymax>
		</bndbox>
	</object>
	<object>
		<name>dice</name>
		<pose>Unspecified</pose>
		<truncated>0</truncated>
		<difficult>0</difficult>
		<bndbox>
			<xmin>122</xmin>
			<ymin>114</ymin>
			<xmax>294</xmax>
			<ymax>287</ymax>
		</bndbox>
	</object>
	<object>
		<name>dice</name>
		<pose>Unspecified</pose>
		<truncated>0</truncated>
		<difficult>0</difficult>
		<bndbox>
			<xmin>208</xmin>
			<ymin>70</ymin>
			<xmax>338</xmax>
			<ymax>135</ymax>
		</bndbox>
	</object>
	<object>
		<name>dice</name>
		<pose>Unspecified</pose>
		<truncated>0</truncated>
		<difficult>0</difficult>
		<bndbox>
			<xmin>277</xmin>
			<ymin>98</ymin>
			<xmax>429</xmax>
			<ymax>260</ymax>
		</bndbox>
	</object>
	<object>
		<name>dice</name>
		<pose>Unspecified</pose>
		<truncated>0</truncated>
		<difficult>0</difficult>
		<bndbox>
			<xmin>404</xmin>
			<ymin>84</ymin>
			<xmax>535</xmax>
			<ymax>230</ymax>
		</bndbox>
	</object>
</annotation>
