<annotation>
	<folder>images</folder>
	<filename>00000035.jpg</filename>
	<path>C:\Users\jwchi\Downloads\archive (9)\dataset\dataset\train\images\00000035.jpg</path>
	<source>
		<database>Unknown</database>
	</source>
	<size>
		<width>640</width>
		<height>640</height>
		<depth>3</depth>
	</size>
	<segmented>0</segmented>
	<object>
		<name>dice</name>
		<pose>Unspecified</pose>
		<truncated>0</truncated>
		<difficult>0</difficult>
		<bndbox>
			<xmin>547</xmin>
			<ymin>343</ymin>
			<xmax>581</xmax>
			<ymax>386</ymax>
		</bndbox>
	</object>
	<object>
		<name>dice</name>
		<pose>Unspecified</pose>
		<truncated>0</truncated>
		<difficult>0</difficult>
		<bndbox>
			<xmin>588</xmin>
			<ymin>318</ymin>
			<xmax>620</xmax>
			<ymax>356</ymax>
		</bndbox>
	</object>
</annotation>
